Total	#Columns: article key	in degree in context age-tapered	in degree in context	in degree out of context	in degree out of context age tapered	tf-idf score (-1.0 if it is the article itself)	title	year	"cited by article (1 if cited, 0 if not, -1 if article itself)"	"included in who to call (1 if included, 0 if not)"	author number																																																																																																																																																																																																																																																																																																																																																																																																																																																																																																																																																												
27.55555556	19838483	0.111111111	1	27.44444444	247	0.017445529	Genome-wide association study identifies novel breast cancer susceptibility loci	2007	0	0		12	"Ahmed, S"		ahmed_s_339	Ahmed	50	"Ahn, SH"		ahn_sh	Ahn	67	"Alexander, BH"		alexander_bh	Alexander	38	"Axelsson, CK"		axelsson_ck	Axelsson	6	"Ballinger, DG"		ballinger_dg	Ballinger	94	"Beesley, J"		beesley_j_13	Beesley	83	"Benitez, J"		benitez_j	Benitez	58	"Bogdanova, N"		bogdanova_n_25	Bogdanova	36	"Bojesen, SE"		bojesen_se	Bojesen	14	"Bowman, R"		bowman_r_3	Bowman	90	"Brauch, H"		brauch_h_3	Brauch	20	"Brennan, P"		brennan_p_50	Brennan	40	"Brinton, L"		brinton_l_2	Brinton	70	"Brock, IW"		brock_iw	Brock	41	"Chanock, S"		chanock_s_0	Chanock	35	"Chenevix-Trench, G"		chenevixtrench_g_0	Chenevix-Trench	95	"Chen, XQ"		chen_xq	Chen	73	"Couch, FJ"		couch_fj	Couch	69	"Cox, A"		cox_a_237	Cox	53	"Cox, DG"		cox_dg	Cox	101	"Cox, DR"		cox_dr	Cox	100	"Day, NE"		day_ne	Day	63	"Devilee, P"		devilee_p_0	Devilee	66	"Doody, MM"		doody_mm	Doody	60	"Dork, T"		dork_t_0	Doerk	3	"Dunning, AM"		dunning_am	Dunning	1	"Easton, DF"	d.easton@srl.cam.ac.uk	easton_df	Easton	27	"Eccles, D"		eccles_d_4	Eccles	46	"Eerola, H"		eerola_h_0	Eerola	28	"Evans, DG"		evans_dg	Evans	45	"Fagerholm, R"		fagerholm_r_0	Fagerholm	9	"Field, H"		field_h_8	Field	30	"Fletcher, O"		fletcher_o_2	Fletcher	22	"Gaborieau, V"		gaborieau_v_0	Gaborieau	39	"Garcia-Closas, M"		garciaclosas_m_2	Garcia-Closas	87	"Giles, GG"		giles_gg	Giles	82	"Gonzalez-Neira, A"		gonzalezneira_a_0	Gonzalez-Neira	74	"Goode, EL"		goode_el	Goode	16	"Haiman, CA"		haiman_ca	Haiman	54	"Hall, P"		hall_p_125	Hall	91	"Hamann, U"		hamann_u_3	Hamann	52	"Hankinson, SE"		hankinson_se	Hankinson	99	"Hartikainen, J"		hartikainen_j_13	Hartikainen	13	"Healey, CS"		healey_cs	Healey	18	"Henderson, BE"		henderson_be	Henderson	84	"Hopper, JL"		hopper_jl	Hopper	51	"Hunter, DJ"		hunter_dj	Hunter	62	"Jacobi, CE"		jacobi_ce	Jacobi	31	"Johnson, N"		johnson_n_64	Johnson	89	"Justenhoven, C"		justenhoven_c_0	Justenhoven	47	"Kang, D"		kang_d_195	Kang	98	"Kataja, V"		kataja_v_6	Kataja	64	"Klijn, JGM"		klijn_jgm	Klijn	17	"Kolonel, LK"		kolonel_lk	Kolonel	97	"Kosma, VM"		kosma_vm	Kosma	92	"Ko, YD"		ko_yd	Ko	19	"Le Marchand, L"		lemarchand_l_1	Le Marchand	42	"Lissowska, J"		lissowska_j_2	Lissowska	56	"Liu, JJ"		liu_jj	Liu	57	"Low, YL"		low_yl	Low	10	"Luben, R"		luben_r_0	Luben	71	"MacPherson, G"		macpherson_g_8	MacPherson	96	"Mannermaa, A"		mannermaa_a_0	Mannermaa	85	"McCredie, M"		mccredie_m_2	McCredie	76	"Meijers-Heijboer, H"		meijersheijboer_h_2	Meijers-Heijboer	15	"Meyer, KB"		meyer_kb	Meyer	80	"Milne, RL"		milne_rl	Milne	8	"Morrison, J"		morrison_j_397	Morrison	44	"Nevanlinna, H"		nevanlinna_h_8	Nevanlinna	49	"Noh, DY"		noh_dy	Noh	37	"Nordestgaard, BG"		nordestgaard_bg	Nordestgaard	23	"Odefrey, F"		odefrey_f_0	Odefrey	75	"Olson, JE"		olson_je	Olson	43	"Peplonska, B"		peplonska_b_0	Peplonska	29	"Peto, J"		peto_j_4	Peto	4	"Pharoah, PDP"		pharoah_pdp	Pharoah	102	AOCS Management Grp		ponder_baj	Ponder	2	"Pooley, KA"		pooley_ka	Pooley	34	"Rahman, N"		rahman_n_4	Rahman	72	"Reed, MWR"		reed_mwr	Reed	81	"Ribas, G"		ribas_g_11	Ribas	79	"Rivadeneira, F"		rivadeneira_f_0	Rivadeneira	21	"Sangrajrang, S"		sangrajrang_s_0	Sangrajrang	88	"Schroen, C"		schroen_c_2	Schroen	59	"Schurmann, P"		schurmann_p_1	Schuermann	32	"Seal, S"		seal_s_9	Seal	24	"Shen, CY"		shen_cy	Shen	65	"Sigurdson, AJ"		sigurdson_aj	Sigurdson	86	"Southey, M"		southey_m_1	Southey	93	"Spurdle, AB"		spurdle_ab	Spurdle	33	"Stratton, MR"		stratton_mr	Stratton	7	"Struewing, JP"		struewing_jp	Struewing	5	"Thompson, D"		thompson_d_378	Thompson	61	"Tollenaar, RAEM"		tollenaar_raem	Tollenaar	78	"Uitterlinden, A"		uitterlinden_a_0	Uitterlinden	77	"van den Ouweland, A"		vandenouweland_a_10	van den Ouweland	26	"Wang, HC"		wang_hc	Wang	11	"Wareham, N"		wareham_n_0	Wareham	55	"Wedren, S"		wedren_s_0	Wedren	25	"Wu, PE"		wu_pe	Wu	48	"Yoo, KY"		yoo_ky	Yoo	68	"Zhang, JH"		zhang_jh	Zhang																														
26	19207828	0.333333333	3	25.66666667	231	0	Genome-wide atlas of gene expression in the adult mouse brain	2007	0	0		3	"Ao, N"		ao_n_1	Ao	4	"Ayres, M"		ayres_m_5	Ayres	5	"Bensinger, A"		bensinger_a	Bensinger	6	"Bernard, A"		bernard_a_53	Bernard	7	"Boe, AF"		boe_af	Boe	8	"Boguski, MS"		boguski_ms	Boguski	9	"Brockway, KS"		brockway_ks	Brockway	10	"Byrnes, EJ"		byrnes_ej	Byrnes	12	"Chen, L"		chen_l	Chen	11	"Chen, L"		chen_l	Chen	13	"Chen, TM"		chen_tm	Chen	14	"Chin, MC"		chin_mc	Chin	15	"Chong, J"		chong_j_29	Chong	16	"Crook, BE"		crook_be	Crook	17	"Czaplinska, A"		czaplinska_a_0	Czaplinska	18	"Dang, CN"		dang_cn	Dang	19	"Datta, S"		datta_s_92	Datta	20	"Dee, NR"		dee_nr	Dee	21	"Desaki, AL"		desaki_al	Desaki	22	"Desta, T"		desta_t_11	Desta	23	"Diep, E"		diep_e	Diep	24	"Dolbeare, TA"		dolbeare_ta	Dolbeare	25	"Donelan, MJ"		donelan_mj	Donelan	26	"Dong, HW"		dong_hw	Dong	27	"Dougherty, JG"		dougherty_jg	Dougherty	28	"Duncan, BJ"		duncan_bj	Duncan	29	"Ebbert, AJ"		ebbert_aj	Ebbert	30	"Eichele, G"		eichele_g_0	Eichele	31	"Estin, LK"		estin_lk	Estin	32	"Faber, C"		faber_c_8	Faber	33	"Facer, BA"		facer_ba	Facer	34	"Fields, R"		fields_r_20	Fields	35	"Fischer, SR"		fischer_sr	Fischer	36	"Fliss, TP"		fliss_tp	Fliss	37	"Frensley, C"		frensley_c_1	Frensley	38	"Gates, SN"		gates_sn	Gates	39	"Glattfelder, KJ"		glattfelder_kj	Glattfelder	40	"Halverson, KR"		halverson_kr	Halverson	41	"Hart, MR"		hart_mr	Hart	2	"Hawrylycz, MJ"		hawrylycz_mj	Hawrylycz	42	"Hohmann, JG"		hohmann_jg	Hohmann	43	"Howell, MP"		howell_mp	Howell	44	"Jeung, DP"		jeung_dp	Jeung	45	"Johnson, RA"		johnson_ra	Johnson	108	"Jones, AR"	allanj@alleninstitute.org	jones_ar	Jones	46	"Karr, PT"		karr_pt	Karr	47	"Kawal, R"		kawal_r	Kawal	48	"Kidney, JM"		kidney_jm	Kidney	49	"Knapik, RH"		knapik_rh	Knapik	50	"Kuan, CL"		kuan_cl	Kuan	51	"Lake, JH"		lake_jh	Lake	52	"Laramee, AR"		laramee_ar	Laramee	53	"Larsen, KD"		larsen_kd	Larsen	54	"Lau, C"		lau_c_137	Lau	1	"Lein, ES"	edl@alleninstitute.org	lein_es	Lein	55	"Lemon, TA"		lemon_ta	Lemon	56	"Liang, AJ"		liang_aj	Liang	57	"Liu, Y"		liu_y_1869	Liu	58	"Luong, LT"		luong_lt	Luong	59	"Michaels, J"		michaels_j_32	Michaels	60	"Morgan, JJ"		morgan_jj	Morgan	61	"Morgan, RJ"		morgan_rj	Morgan	62	"Mortrud, MT"		mortrud_mt	Mortrud	63	"Mosqueda, NF"		mosqueda_nf	Mosqueda	64	"Ng, LL"		ng_ll	Ng	65	"Ng, R"		ng_r_51	Ng	66	"Orta, GJ"		orta_gj	Orta	67	"Overly, CC"		overly_cc	Overly	68	"Pak, TH"		pak_th	Pak	69	"Parry, SE"		parry_se	Parry	70	"Pathak, SD"		pathak_sd	Pathak	71	"Pearson, OC"		pearson_oc	Pearson	72	"Puchalski, RB"		puchalski_rb	Puchalski	73	"Riley, ZL"		riley_zl	Riley	74	"Rockett, HR"		rockett_hr	Rockett	75	"Rowland, SA"		rowland_sa	Rowland	76	"Royall, JJ"		royall_jj	Royall	77	"Ruiz, MJ"		ruiz_mj	Ruiz	78	"Sarno, NR"		sarno_nr	Sarno	79	"Schaffnit, K"		schaffnit_k	Schaffnit	80	"Shapovalova, NV"		shapovalova_nv	Shapovalova	81	"Sivisay, T"		sivisay_t	Sivisay	82	"Slaughterbeck, CR"		slaughterbeck_cr	Slaughterbeck	85	"Smith, BI"		smith_bi	Smith	84	"Smith, KA"		smith_ka	Smith	83	"Smith, SC"		smith_sc	Smith	86	"Sodt, AJ"		sodt_aj	Sodt	87	"Stewart, NN"		stewart_nn	Stewart	88	"Stumpf, KR"		stumpf_kr	Stumpf	89	"Sunkin, SM"		sunkin_sm	Sunkin	90	"Sutram, M"		sutram_m	Sutram	91	"Tam, A"		tam_a_77	Tam	92	"Teemer, CD"		teemer_cd	Teemer	93	"Thaller, C"		thaller_c_1	Thaller	94	"Thompson, CL"		thompson_cl	Thompson	95	"Varnam, LR"		varnam_lr	Varnam	96	"Visel, A"		visel_a_1	Visel	97	"Whitlock, RM"		whitlock_rm	Whitlock	98	"Wohnoutka, PE"		wohnoutka_pe	Wohnoutka	99	"Wolkey, CK"		wolkey_ck	Wolkey	100	"Wong, VY"		wong_vy	Wong	101	"Wood, M"		wood_m_149	Wood	102	"Yaylaoglu, MB"		yaylaoglu_mb	Yaylaoglu	104	"Youngstrom, BL"		youngstrom_bl	Youngstrom	103	"Young, RC"		young_rc	Young	105	"Yuan, XF"		yuan_xf	Yuan	106	"Zhang, B"		zhang_b_140	Zhang	107	"Zwingman, TA"		zwingman_ta	Zwingman
13	19964586	0.111111111	1	12.88888889	116	0	Physiology and pathophysiology of purinergic neurotransmission	2007	0	0		1	"Burnstock, G"	g.burnstock@ucl.ac.uk	burnstock_g	Burnstock																																																																																																																																																																																																																																																																																																																																																																																																																																																																																																																																																							
8.666666667	19489136	1.444444444	13	7.222222222	65	0	Multimodal fast optical interrogation of neural circuitry	2007	1	0		8	"Bamberg, E"		bamberg_e_4	Bamberg	3	"Brauner, M"		brauner_m_0	Brauner	11	"Deisseroth, K"	deissero@stanford.edu	deisseroth_k_0	Deisseroth	10	"Gottschalk, A"		gottschalk_a_51	Gottschalk	5	"Kay, K"		kay_k_9	Kay	4	"Liewald, JF"		liewald_jf	Liewald	9	"Nagel, G"		nagel_g_54	Nagel	2	"Wang, LP"		wang_lp	Wang	6	"Watzke, N"		watzke_n_0	Watzke	7	"Wood, PG"		wood_pg	Wood	1	"Zhang, F"		zhang_f_406	Zhang																																																																																																																																																																																																																																																																																																																																																																																																																																																																																																					
6.444444444	19285393	0.111111111	1	6.333333333	57	0.404769748	Endocannabinoid-mediated rescue of striatal LTD and motor deficits in Parkinson's disease models	2007	0	0		1	"Kreitzer, AC"		kreitzer_ac	Kreitzer	2	"Malenka, RC"	malenka@stanford.edu	malenka_rc	Malenka																																																																																																																																																																																																																																																																																																																																																																																																																																																																																																																																																		
