Total	#Columns: article key	in degree in context age-tapered	in degree in context	in degree out of context	in degree out of context age tapered	tf-idf score (-1.0 if it is the article itself)	title	year	"cited by article (1 if cited, 0 if not, -1 if article itself)"	"included in who to call (1 if included, 0 if not)"	author number																																																																																																																																																																																																																																																																																																																																																																																																																																																																																																										
84.125	21536994	0.125	1	84	672	0	Sorafenib in advanced hepatocellular carcinoma	2008	0	0		6	"Blanc, JF"		blanc_jf	Blanc	14	"Bolondi, L"		bolondi_l_1	Bolondi	18	"Borbath, I"		borbath_i_0	Borbath	24	SHARP Investigators Study Grp	jbruix@clinic.ub.es	bruix_j_2	Bruix	7	"de Oliveira, AC"		deoliveira_ac	Cosme de Oliveira	10	"Forner, A"		forner_a_5	Forner	16	"Galle, PR"		galle_pr	Galle	5	"Gane, E"		gane_e_4	Gane	20	"Giannaris, T"		giannaris_t_0	Giannaris	15	"Greten, TF"		greten_tf	Greten	19	"Haussinger, D"		haussinger_d_9	Haussinger	4	"Hilgard, P"		hilgard_p_4	Hilgard	1	"Llovet, JM"	jmllovet@clinic.ub.es	llovet_jm	Llovet	3	"Mazzaferro, V"		mazzaferro_v_1	Mazzaferro	22	"Moscovici, M"		moscovici_m_2	Moscovici	12	"Porta, C"		porta_c_8	Porta	9	"Raoul, JL"		raoul_jl	Raoul	2	"Ricci, S"		ricci_s_94	Ricci	8	"Santoro, A"		santoro_a_50	Santoro	11	"Schwartz, M"		schwartz_m_105	Schwartz	17	"Seitz, JF"		seitz_jf	Seitz	21	"Shan, M"		shan_m_7	Shan	23	"Voliotis, D"		voliotis_d_3	Voliotis	13	"Zeuzem, S"		zeuzem_s_0	Zeuzem																																																																																																																																																																																																																																																																																																																																																																																		
59.125	21161241	0.125	1	59	472	0	Meta-analysis of genome-wide association data and large-scale replication identifies additional susceptibility loci for type 2 diabetes	2008	0	0		8	"Abecasis, GR"		abecasis_gr	Abecasis	9	"Almgren, P"		almgren_p_0	Almgren	98	Wellcome Trust Case Control Consor	altshuler@molbio.mgh.harvard.edu	altshuler_d_2	Altshuler	10	"Andersen, G"		andersen_g_35	Andersen	11	"Ardlie, K"		ardlie_k_1	Ardlie	92	"Barroso, I"		barroso_i_0	Barroso	13	"Bergman, RN"		bergman_rn	Bergman	97	"Boehnke, M"	boehnke@umich.edu	boehnke_m_2	Boehnke	14	"Bonnycastle, LL"		bonnycastle_ll	Bonnycastle	15	"Borch-Johnsen, K"		borchjohnsen_k_1	Borch-Johnsen	12	"Bostroem, KB"		bostroem_kb	Bostroem	16	"Burtt, NP"		burtt_np	Burtt	17	"Chen, H"		chen_h_1270	Chen	18	"Chines, PS"		chines_ps	Chines	94	"Collins, FS"		collins_fs	Collins	19	"Daly, MJ"		daly_mj	Daly	7	"de Bakker, PIW"		debakker_piw	de Bakker	20	"Deodhar, P"		deodhar_p	Deodhar	21	"Ding, CJ"		ding_cj	Ding	22	"Doney, ASF"		doney_asf	Doney	23	"Duren, WL"		duren_wl	Duren	24	"Elliott, KS"		elliott_ks	Elliott	25	"Erdos, MR"		erdos_mr	Erdos	26	"Frayling, TM"		frayling_tm	Frayling	27	"Freathy, RM"		freathy_rm	Freathy	28	"Gianniny, L"		gianniny_l_0	Gianniny	29	"Grallert, H"		grallert_h_2	Grallert	30	"Grarup, N"		grarup_n_0	Grarup	95	"Groop, L"		groop_l_0	Groop	31	"Groves, CJ"		groves_cj	Groves	32	"Guiducci, C"		guiducci_c_1	Guiducci	33	"Hansen, T"		hansen_t_113	Hansen	93	"Hattersley, AT"		hattersley_at	Hattersley	34	"Herder, C"		herder_c_0	Herder	35	"Hitman, GA"		hitman_ga	Hitman	36	"Hughes, TE"		hughes_te	Hughes	87	"Hu, FB"		hu_fb	Hu	6	"Hu, T"		hu_t_227	Hu	86	"Hveem, K"		hveem_k_1	Hveem	85	"Illig, T"		illig_t_1	Illig	37	"Isomaa, B"		isomaa_b_1	Isomaa	38	"Jackson, AU"		jackson_au	Jackson	39	"Jorgensen, T"		jorgensen_t_75	Jorgensen	40	"Kong, A"		kong_a_24	Kong	41	"Kubalanza, K"		kubalanza_k	Kubalanza	42	"Kuruvilla, FG"		kuruvilla_fg	Kuruvilla	43	"Kuusisto, J"		kuusisto_j_3	Kuusisto	88	"Laakso, M"		laakso_m	Laakso	44	"Langenberg, C"		langenberg_c_10	Langenberg	45	"Lango, H"		lango_h_0	Lango	46	"Lauritzen, T"		lauritzen_t_2	Lauritzen	48	"Lindgren, CM"		lindgren_cm	Lindgren	47	"Li, Y"		li_y_8364	Li	49	"Lyssenko, V"		lyssenko_v_0	Lyssenko	5	"Marchini, JL"		marchini_jl	Marchini	50	"Marvelle, AF"		marvelle_af	Marvelle	96	"McCarthy, MI"	mark.mccarthy@drl.ox.ac.uk	mccarthy_mi	McCarthy	51	"Meisinger, C"		meisinger_c_1	Meisinger	52	"Midthjell, K"		midthjell_k_0	Midthjell	53	"Mohlke, KL"		mohlke_kl	Mohlke	54	"Morken, MA"		morken_ma	Morken	55	"Morris, AD"		morris_ad	Morris	56	"Narisu, N"		narisu_n_0	Narisu	57	"Nilsson, P"		nilsson_p_18	Nilsson	58	"Owen, KR"		owen_kr	Owen	59	"Palmer, CNA"		palmer_cna	Palmer	60	"Payne, F"		payne_f_6	Payne	90	"Pedersen, O"		pedersen_o_31	Pedersen	61	"Perry, JRB"		perry_jrb	Perry	62	"Pettersen, E"		pettersen_e_26	Pettersen	63	"Platou, C"		platou_c	Platou	64	"Prokopenko, I"		prokopenko_i_3	Prokopenko	66	"Qin, L"		qin_l_249	Qin	65	"Qi, L"		qi_l_164	Qi	67	"Rayner, NW"		rayner_nw	Rayner	68	"Rees, M"		rees_m	Rees	69	"Roix, JJ"		roix_jj	Roix	70	"Sandbaek, A"		sandbaek_a_3	Sandbaek	3	"Saxena, R"		saxena_r_26	Saxena	2	"Scott, LJ"		scott_lj	Scott	71	"Shields, B"		shields_b_14	Shields	72	"Sjogren, M"		sjogren_m_17	Sjogren	89	"Stefansson, K"		stefansson_k_0	Stefansson	73	"Steinthorsdottir, V"		steinthorsdottir_v_2	Steinthorsdottir	74	"Stringham, HM"		stringham_hm	Stringham	75	"Swift, AJ"		swift_aj	Swift	76	"Thorleifsson, G"		thorleifsson_g_1	Thorleifsson	77	"Thorsteinsdottir, U"		thorsteinsdottir_u_0	Thorsteinsdottir	78	"Timpson, NJ"		timpson_nj	Timpson	80	"Tuomilehto, J"		tuomilehto_j_0	Tuomilehto	79	"Tuomi, T"		tuomi_t_16	Tuomi	4	"Voight, BF"		voight_bf	Voight	81	"Walker, M"		walker_m_36	Walker	91	"Wareham, NJ"		wareham_nj	Wareham	82	"Watanabe, RM"		watanabe_rm	Watanabe	83	"Weedon, MN"		weedon_mn	Weedon	84	"Willer, CJ"		willer_cj	Willer	1	"Zeggini, E"		zeggini_e_0	Zeggini
56.125	21116484	0.125	1	56	448	0.003701346	"Genome-wide association studies for complex traits: consensus, uncertainty and challenges"	2008	0	0		2	"Abecasis, GR"		abecasis_gr	Abecasis	3	"Cardon, LR"		cardon_lr	Cardon	4	"Goldstein, DB"		goldstein_db	Goldstein	7	"Hirschhorn, JN"		hirschhorn_jn	Hirschhorn	6	"Ioannidis, JPA"		ioannidis_jpa	Ioannidis	5	"Little, J"		little_j	Little	1	"McCarthy, MI"	mark.mccarthy@drl.ox.ac.uk	mccarthy_mi	McCarthy																																																																																																																																																																																																																																																																																																																																																																																																																																																																							
49.375	21592340	0.375	3	49	392	0	Amyloid-beta protein dimers isolated directly from Alzheimer's brains impair synaptic plasticity and memory	2008	0	0		7	"Brett, FM"		brett_fm	Brett	8	"Farrell, MA"		farrell_ma	Farrell	4	"Garcia-Munoz, A"		garciamunoz_a_3	Garcia-Munoz	10	"Lemere, CA"		lemere_ca	Lemere	2	"Li, SM"		li_sm	Li	3	"Mehta, TH"		mehta_th	Mehta	11	"Regan, CM"		regan_cm	Regan	9	"Rowan, MJ"		rowan_mj	Rowan	13	"Sabatini, BL"		sabatini_bl	Sabatini	14	"Selkoe, DJ"	dselkoe@rics.bwh.harvard.edu	selkoe_dj	Selkoe	1	"Shankar, GM"		shankar_gm	Shankar	5	"Shepardson, NE"		shepardson_ne	Shepardson	6	"Smith, I"		smith_i_232	Smith	12	"Walsh, DM"		walsh_dm	Walsh																																																																																																																																																																																																																																																																																																																																																																																																																																				
41.75	20775771	0.125	1	41.625	333	0	Selective publication of antidepressant trials and its influence on apparent efficacy	2008	0	0		3	"Linardatos, E"		linardatos_e_0	Linardatos	2	"Matthews, AM"		matthews_am	Matthews	5	"Rosenthal, R"		rosenthal_r_14	Rosenthal	4	"Tell, RA"		tell_ra	Tell	1	"Turner, EH"	turnere@ohsu.edu	turner_eh	Turner																																																																																																																																																																																																																																																																																																																																																																																																																																																																																	
